id,due_date
1,13:15:39
2,3:05:35
3,21:42:37
4,7:15:22
5,11:32:00
6,3:37:53
7,16:50:37
8,20:17:48
9,19:16:59
10,9:39:21
11,2:05:18
12,14:36:31
13,6:07:40
14,10:28:33
15,19:54:10
16,5:41:20
17,12:01:53
18,23:22:50
19,10:56:39
20,10:39:58
21,5:41:10
22,22:33:54
23,7:52:30
24,18:38:10
25,17:44:04
26,1:29:58
27,20:51:31
28,0:16:47
29,0:52:55
30,22:30:41
31,14:21:56
32,9:23:46
33,10:32:00
34,8:01:55
35,5:06:24
36,11:26:58
37,21:55:02
38,15:46:17
39,14:32:50
40,15:42:52
41,13:47:48
42,4:41:20
43,18:58:57
44,10:32:50
45,9:04:27
46,20:50:20
47,4:26:14
48,20:47:56
49,9:20:16
50,17:20:14
51,4:33:47
52,22:04:47
53,12:11:08
54,4:43:15
55,7:54:16
56,8:42:35
57,3:12:34
58,4:50:13
59,5:02:27
60,8:39:18
61,21:59:09
62,8:28:54
63,0:25:25
64,2:38:51
65,21:06:57
66,1:55:14
67,9:13:44
68,9:01:44
69,9:55:28
70,9:53:12
71,12:40:44
72,4:15:11
73,10:32:03
74,9:04:42
75,15:05:01
76,12:34:24
77,14:23:32
78,5:33:34
79,7:30:31
80,17:39:10
81,0:59:31
82,12:58:18
83,20:50:17
84,16:08:09
85,19:40:27
86,8:50:51
87,20:25:45
88,2:37:00
89,14:20:08
90,19:34:09
91,20:15:58
92,23:04:40
93,10:59:15
94,9:12:50
95,5:32:20
96,7:23:00
97,20:44:18
98,2:24:56
99,9:20:37
100,10:03:50
